key,serial-number,instantiation-moment,report,info,key:fine-dish
memorandum-01,0001,"2022/07/14 19:00","Sample bò*.,,,dy",https://github.com/a?b//aaaa@@,fine-dish-01
memorandum-02,0002,"2022/03/31 23:59",sample report,"",fine-dish-01
memorandum-03,0003,"2021/04/01 00:00",report sample,https://www.youtube.com/?gl=ES&hl=es,fine-dish-01
memorandum-04,0004,"2020/09/17 17:00",!@#$%&/()=?¿,https://a.b/c?d&e,fine-dish-02
memorandum-05,0005,"2020/02/29 23:59",Ornek baslik,ftp://user:pass@acme.org,fine-dish-03
memorandum-06,0006,"2022/07/15 14:00",happy$new&year@,"",fine-dish-03
memorandum-07,0007,"2021/08/31 23:59",示例標題,https://nintendo.com,fine-dish-03
memorandum-08,0008,"2022/01/01 00:00",Texto de ejemplo,https://github.com/a?b//aaaa@@,fine-dish-04
memorandum-09,0009,"2022/05/15 23:59",<h1>Lorem ipsum<h1>,null,fine-dish-04
memorandum-10,0010,"2021/02/24 23:59",Lorem ipsum dolor sit amet. consectetur adipiscing elit. Integer ut velit eu sapien euismod aliquam quis sed leo. Interdum et malesuada fames ac ante ipsum primis in faucibus. Aliquam arcu est. ullamcorper dignissim congue a. maximus sed dolor. Nullam eu.,"",fine-dish-05
